id,TL,ZH
1,Obama tua7-sing3 bi2-kok4 thau5-tsit8-ui7 oo1-lang5 tsong2-thong2,Obama 大勝 美國 頭一位 烏人 總統
2,tsu3-bi2 tik8-phai3-uan5 tso5-hiok4-hun1 hua5-hu2 po3-to7,駐美 特派員 曹郁芬 華府 報導
3,Obama tua7-sing3 bi2-kok4 thau5-tsit8-ui7 oo1-lang5 tsong2-thong2,Obama 大勝 美國 頭一位 烏人 總統
4,ap4-to2-sing3 sing3-li7 tshong3-tso7 sin1-lik8-su2,壓倒性 勝利 創造 新歷史
5,bin5-tsu2-tong2 tsong2-thong2 hau7-suan2-jin5 Obama si3-jit8 i2 ap4-to2-sing3 sing3-li7,民主黨 總統 候選人 Obama 四日 以 壓倒性 勝利
6,tong3-suan2 bi2-kok4 lik8-su2 siong7 thau5-tsit8-ui7 oo1-lang5 tsong2-thong2,當選 美國 歷史 上 頭一位 烏人 總統
7,i1 ti7 Chicago e5 sing3-suan2 ian2-suat4 tiong1,伊 佇 Chicago 的 勝選 演說 中
8,tui3-tioh8 ji7-tsap8 jua7 ban7 tsi1-tshi5-tsia2 suan1-ko3,對著 二十 偌 萬 支持者 宣告
9,kai2-pian3 i2-king1 lai5-kau3 bi2-kok4,改變 已經 來到 美國
10,ti7 i2-king1 khui1-tshut4 e5 suan2-phio3 tiong1,佇 已經 開出 的 選票 中
11,Obama m7-na7 i2 pah4-hun1-tsi1 goo7-tsap8-ji7,Obama 毋但 以 百分之 五十二
12,( tai7-khai3 lak8-tshing1-nng7-pah4-kau2-tsap8-lak8 ban7 phio3 ) e5 phoo2-suan2 phio3,（ 大概 六千兩百九十六 萬 票 ） 的 普選 票
13,iann5-ke3 kiong7-ho5-tong2 hau7-suan2-jin5 McCain e5 pah4-hun1-tsi1 si3-tsap8-lak8,贏過 共和黨 候選人 McCain 的 百分之 四十六
14,( tai7-khai3 goo7-tshing1-goo7-pah4-tshit4-tsap8-lak8 ban7 phio3 ),（ 大概 五千五百七十六 萬 票 ）
15,suan2-ki2-jin5 phio3 kinn1 tshiau1-uat8 McCain tsit8-pue7 gua7,選舉人 票 kinn1 超越 McCain 一倍 偌
16,suan2-ki2-lang5 phio3 kinn1 tshiau1-uat8 McCain tsit8-pue7 gua7,選舉人 票 kinn1 超越 McCain 一倍 偌
17,si3-tsap8-tshit4 he3 e5 Obama,四十七 歲 的 Obama
18,tsiong1-ti7 me5-ni5 it4-geh8 ji7-tsap8 jit8 suan1-se3-tsiu7-tsit4,將佇 明年 一月 二十 日 宣誓就職
19,sing5-ui5 bi2-kok4 te7-si3-tsap8-si3 kai3 tsong2-thong2,成為 美國 第四十四 屆 總統
20,bi2-kok4 soo2-iu2 tua7-tian7-si7-bang7,美國 所有 大電視網
21,ti7 bi2-tang1 si5-kan1 si3-ho7 tshim1-ia7 tsap8-it4 tiam2 suan1-poo3,佇 美東 時間 四號 深夜 十一 點 宣布
22,Obama e5 suan2-ki2-jin5 phio3-soo3,Obama 的 選舉人 票數
23,i2 tshiau1-uat8 tong3-suan2 soo2-su1-iau3 e5 nng7-pah4-tshit4-tsap8 phio3,已 超越 當選 所需要 的 兩百七十 票
24,siu2-ti7 Chicago king7-suan2 tsong2-poo7,守佇 Chicago 競選 總部
25,kah4 tsuan5-kok4 kok4-te7 Obama e5 tsi1-tshi5-tsia2,佮 全國 各地 Obama 的 支持者
26,hit4-si5-tsun7 hiang2-khi2 tsit8-si3-kue3 huan1-hoo1-siann1,彼時陣 響起 一四界 歡呼聲
27,he7-mia7 lang7-tioh8 kok4-ki5,下命 弄著 國旗
28,tsin1-tse7 tsi1-tshi5-tsia2 kik4-tong7-kau3 lau5-bak8-sai2,真濟 支持者 激動到 流目屎
29,hoo7-siong1 sio1-lam2,互相 相攬
30,bi2-kok4 tsu2-liu5 po3-tsua2 goo7-ho7,美國 主流 報紙 五號
31,hun1-hun1 i2 「 Obama tshong3-tso7 lik8-su2 」 tso3 phiau1-te5,紛紛 以 「 Obama 創造 歷史 」 做 標題
32,suan1-ko3 Obama sing5-ui5 bi2-kok4 peh8-kiong1 sin1 tsu2-lang5,宣告 Obama 成為 美國 白宮 sin1 主人
33,Obama e5 phoo2-suan2 phio3 tit4-phio3 lut8 si7 Johnson tsong2-thong2 i2-lai5,Obama 的 普選 票 得票 率 是 Johnson 總統 以來
34,bin5-tsu2-tong2 tsong2-thong2 hau7-suan2-jin5 tit4-phio3 siang7-kuan5 e5 tsit8-kai3,民主黨 總統 候選人 得票 上懸 的 一屆
35,Bush tsong2-thong2 sui5 phah4-tian7-ue7 hiann3 Obama kiong1-hi2,Bush 總統 隨 拍電話 向 Obama 恭喜
36,bin5-tsu2-tong2 ti7 tsham1-tsiong3-nng7-inn7 long2-si7 iann5-e5,民主黨 佇 參眾兩院 攏是 贏的
37,ti7 i2-king1 khui1-tshut4 e5 phio3 tong1-tiong1,佇 已經 開出 的 票 當中
38,bin5-tsu2-tong2 ti7 tsit8-pah4-sik8 e5 tsham1-inn7 sui1-jian5 bo5 huah8-ke3 lak8-tsap8-sik8 e5 hoo7-ting7,民主黨 佇 一百席 的 參院 雖然 無 伐過 六十席 的 戶橂
39,tan7-si7 i2 tshu2-tit4 goo7-tsap8-lak8-sik8,但是 已 取得 五十六席
40,ti7 tsiong3-inn7 e5 sik8-tshu3 uan1-na2 tsing1-ka1-kau3 nng7-pah4 goo7-tsap8-ji7 sik8,佇 眾院 的 席次 ⿳ㄨㄢ⿳⿳ㄋㄚˋ 增加到 兩百 五十二 席
41,pah4-mia5 jin7-iong2-ji5 phian3-poo3 tsuan5-kiu5 i1-si7 lian5-hap8-kok4 a1-pa1,百名 認養兒 遍佈 全球 伊是 聯合國 阿爸
42,tsu7-iu5-si5-po3 ki3-tsia2 iunn5-kim1-siann5 tai5-lam5-po3-to7,自由時報 記者 楊金城 臺南報導
43,i1-si7 「 lian5-hap8-kok4 a1-pa1 」 ，,伊是 「 聯合國 阿爸 」 ，
44,jin7-iong2-e5 ji5-tong5 pian3-kip8 kok4-lai7-gua7 ！,認養的 兒童 遍及 國內外 ！
45,tai5-lam5-kuan7 sin1-iann5-tshi7 tai7-hong5-li2 li2-tiunn2 ，,臺南縣 新營市 大宏里 里長 ，
46,tshua3-tsong5-bing5 se3-han3-si5 sing1-uah8-khun3-khoo2 ，,蔡崇名 細漢時 生活困苦 ，
47,tsa2-ni5 pe7-bo2 tsong5-tshuan5 hak8-hui3-e5 sng2-sin5-piau2-tsing5 ，,早年 爸母 傱攢 學費的 損神表情 ，
48,hoo7-i1 he7-guan7 jin7-iong2 ji5-tong5 ，,予伊 下願 認養 兒童 ，
49,m7-kam1 hak8-sing1 in1-ui7 san3-tshiah4 soo2-i2 sit4-hak8 ，,毋甘 學生 因為 散赤 所以 失學 ，
50,tsit4-hun7 ai3-sim1 iau2-ian5-tng5-kau3 kok4-gua7 ；,這份 愛心 猶延長到 國外 ；
51,ka1-hu5-ki1-kim1-hue7 thong2-ke3 ，,家扶基金會 統計 ，
52,ji7-tsap8-it4-ni5-lai5 jin7-iong2-e5 jin5-soo3 tshiau1-kue3 tsit8-pah4-lang5 ，,二十一年來 認養的 人數 超過 一百人 ，
53,kuan1-tsoo7 jin7-iong2 hui3-iong7 tshiau1-kue3 sann1-pah4-ban7 。,捐助 認養 費用 超過 三百萬 。
54,tshua3-tsong5-bing5 bok8-tsing5 iau2-si7 tsap8-peh4-e5 jin7-iong2-ji5 ，,蔡崇名 目前 猶是 十八个 認養兒 ，
55,iau2-si7 kok4-lai7 、 kok4-gua7 tui3-puann3-e5 khue3-pe7 ，,猶是 國內 、 國外 對半的 契爸 ，
56,si7 hun5-ka1-lam5-khu1 siang7-tse7 khe3-kiann2 e5 ai3-sim1-a1-pa1 。,是 雲嘉南區 上濟 契囝 的 愛心阿爸 。
57,ka1-hu5-tiong1-sim1 sia7-kang1 kah4 jin7-iong2-ji5 ，,家扶中心 社工 佮 認養兒 ，
58,tshing1-hoo1 i1-si7 「 lian5-hap8-kok4 a1-pa1 」 ，,稱呼 伊是 「 聯合國 阿爸 」 ，